eeg_id,seizure_vote,lpd_vote,gpd_vote,lrda_vote,grda_vote,other_vote
3911565283,0.38923034,0.116108544,0.065024324,0.05193852,0.2479365,0.12976177
