eeg_id,seizure_vote,lpd_vote,gpd_vote,lrda_vote,grda_vote,other_vote
3911565283,0.027862437,0.076762594,0.02031382,0.0022256344,0.37867156,0.49416396
