epoch,step,train_acc,train_loss,val_acc,val_loss
0,25,,,0.3125,nan
0,25,0.26923078298568726,1.542621374130249,,
